first_name,last_name,fathers_name,date_of_birth,sex,weight,height,address,phone_number,email,occupation,nationality
Mégane,Mosen,Theodore,03/04/1918,F,92.24,207.33,73 Nevada Way,+33 429 511 5791,tmosen0@archive.org,Compensation Analyst,France
Lén,Reade,Cyrill,06/07/2015,F,116.18,114.27,231 Artisan Hill,+48 203 962 7155,creade1@unicef.org,Chief Design Engineer,Poland
Océane,Solomonides,Ivar,19/01/1976,M,109.89,118.38,35 Miller Crossing,+593 731 228 6894,isolomonides2@abc.net.au,Civil Engineer,Ecuador
Audréanne,Dalziell,Dorian,25/04/1960,M,68.44,146.87,589 Meadow Valley Hill,+1 512 473 4040,ddalziell3@mapquest.com,Research Associate,United States
Kù,Chandler,Barr,05/11/1977,F,73.38,126.09,95 Pond Way,+355 716 777 4319,bchandler4@sciencedirect.com,Internal Auditor,Albania
Anaé,Jozwik,Bayard,14/05/2022,M,74.39,185.6,94 Cordelia Junction,+30 432 967 2724,bjozwik5@slashdot.org,Account Coordinator,Greece
Estève,Janeway,Aluin,29/07/2012,M,47.74,105.69,02 Commercial Terrace,+52 227 246 4946,ajaneway6@ameblo.jp,Chief Design Engineer,Mexico
Estève,Stollwerk,Garrick,30/01/2017,M,115.71,141.54,4 Gerald Place,+57 906 219 5154,gstollwerk7@slate.com,Executive Secretary,Colombia
Océanne,Fenning,Creight,31/01/1936,M,108.06,143.59,9 Fremont Drive,+7 480 488 5422,cfenning8@berkeley.edu,Office Assistant I,Russia
Lyséa,Rosi,Cleve,16/10/2012,M,68.74,151.13,9803 Dahle Way,+853 797 689 0917,crosi9@networkadvertising.org,VP Sales,Macao
Gösta,Farey,Fields,04/06/1982,M,53.07,170.47,70384 Arizona Avenue,+48 737 285 2112,ffareya@utexas.edu,Sales Associate,Poland
Åke,MacCambridge,Garald,31/10/1974,F,107.93,171.69,8 Clove Pass,+976 821 148 3729,gmaccambridgeb@berkeley.edu,Senior Sales Associate,Mongolia
Lén,MacGettigen,Salvador,19/10/1956,M,48.96,133.51,54945 American Way,+33 567 177 6714,smacgettigenc@4shared.com,Developer I,France
Clémence,Neller,Stuart,09/04/2017,M,88.43,135.71,125 Calypso Parkway,+1 305 470 1308,snellerd@gnu.org,Payment Adjustment Coordinator,United States
Mélanie,Tweedle,Patsy,08/11/1932,F,60.14,112.51,95549 Bluejay Place,+1 936 436 8248,ptweedlee@eventbrite.com,VP Marketing,United States
Gaëlle,Dendon,Giffer,28/10/2024,F,60.34,181.5,552 Mayfield Place,+970 421 194 8704,gdendonf@ca.gov,Marketing Assistant,Palestinian Territory
Annotés,Argyle,Hussein,11/08/1980,M,66.53,116.27,5 Riverside Crossing,+380 947 733 6114,hargyleg@weebly.com,Geological Engineer,Ukraine
Maëline,Shera,Tom,23/10/1930,M,77.69,131.86,2 Debra Street,+86 841 576 5827,tsherah@fema.gov,Financial Advisor,China
Maïté,Checchi,Lennie,06/11/1925,F,84.9,130.38,1066 Pierstorff Junction,+30 698 415 1036,lchecchii@rambler.ru,Teacher,Greece
Bérengère,Byfield,Randell,08/02/1968,F,96.49,132.84,2 Gulseth Drive,+237 746 341 3270,rbyfieldj@globo.com,Nurse Practicioner,Cameroon
Léana,Wong,Johnnie,08/09/2012,F,73.47,142.76,49 Daystar Place,+420 831 871 7229,jwongk@wunderground.com,Structural Analysis Engineer,Czech Republic
Ruì,Poulter,Fabiano,14/01/1929,M,78.27,102.43,70688 Ilene Avenue,+62 696 728 4190,fpoulterl@mapquest.com,Senior Quality Engineer,Indonesia
Léonie,Hanselman,Andy,05/05/1936,M,114.76,171.06,947 Manitowish Junction,+30 365 490 1010,ahanselmanm@themeforest.net,Legal Assistant,Greece
Mélia,Gorring,Cosme,07/06/1975,F,56.14,195.47,8 Pepper Wood Avenue,+63 173 811 5467,cgorringn@utexas.edu,Help Desk Technician,Philippines
Märta,Feary,Ervin,23/01/1979,F,95.87,169.69,10575 Hanover Parkway,+51 911 255 1294,efearyo@wisc.edu,Technical Writer,Peru
Eliès,Peaden,Frank,29/03/1989,F,48.95,134.52,9123 Monument Avenue,+86 377 457 0080,fpeadenp@huffingtonpost.com,Nuclear Power Engineer,China
Ráo,Beckensall,Adan,09/03/1921,F,46.26,132.91,05456 Division Park,+63 653 714 1811,abeckensallq@flickr.com,Software Engineer III,Philippines
Eloïse,Koop,Clayton,25/08/1944,M,107.21,127.49,87550 Carioca Avenue,+1 303 475 3309,ckoopr@devhub.com,Systems Administrator IV,United States
Geneviève,Filde,Godfrey,09/12/1917,F,60.98,195.59,185 Spenser Road,+86 995 613 5725,gfildes@ameblo.jp,Administrative Assistant IV,China
Réservés,Alessandrelli,Brooke,25/02/1979,F,46.63,116.05,775 Walton Circle,+55 474 991 0261,balessandrellit@omniture.com,Executive Secretary,Brazil
Kù,Burree,Tabby,20/04/1995,F,96.13,147.94,6 Sunnyside Park,+1 746 250 6134,tburreeu@economist.com,Pharmacist,Dominican Republic
Frédérique,Ogelsby,Meryl,07/12/1971,F,93.35,129.43,31 Milwaukee Point,+1 727 440 4880,mogelsbyv@google.com.br,Desktop Support Technician,United States
Maëlle,Jinks,Brandyn,27/06/1985,M,111.81,182.64,0 Carey Hill,+230 656 312 7169,bjinksw@opensource.org,Developer I,Mauritius
Estève,Knotte,Krisha,07/12/2013,F,89.61,201.32,5 Coolidge Parkway,+504 226 363 1538,kknottex@xinhuanet.com,Cost Accountant,Honduras
Eléonore,Antuk,Bartholomew,02/06/1922,M,104.28,178.68,61521 Farmco Plaza,+420 303 215 1531,bantuky@surveymonkey.com,Assistant Professor,Czech Republic
Mélanie,Stapley,Rob,27/08/2022,M,73.17,183.38,9389 Dayton Road,+63 230 716 9773,rstapleyz@php.net,Information Systems Manager,Philippines
Océanne,Kemp,Craggy,12/04/1933,M,59.12,101.21,753 Morningstar Street,+86 524 969 3955,ckemp10@businesswire.com,VP Accounting,China
Irène,Husset,Hewet,26/03/1954,M,71.83,206.3,004 Golden Leaf Junction,+46 377 790 4462,hhusset11@homestead.com,Physical Therapy Assistant,Sweden
Naëlle,Larcher,Tally,16/02/1930,M,119.18,121.18,06494 Oriole Alley,+86 201 498 4293,tlarcher12@weibo.com,Structural Engineer,China
Hélène,Miettinen,Titus,06/02/2006,M,52.58,210.7,500 High Crossing Street,+967 851 475 7882,tmiettinen13@4shared.com,Database Administrator II,Yemen
Almérinda,Geaney,Randall,25/10/1950,M,98.62,160.95,9408 Hovde Street,+886 155 649 2613,rgeaney14@biglobe.ne.jp,Quality Control Specialist,Taiwan
Séréna,Emanuelov,Land,13/09/1941,F,91.37,119.01,7 Tennyson Crossing,+86 501 537 9419,lemanuelov15@liveinternet.ru,Internal Auditor,China
Félicie,Pischoff,Chariot,11/08/1963,F,107.23,200.93,17 Garrison Lane,+62 836 821 7492,cpischoff16@nsw.gov.au,Pharmacist,Indonesia
Styrbjörn,Collomosse,Griffith,11/08/1987,M,95.38,124.41,7274 Straubel Trail,+86 121 963 8408,gcollomosse17@ebay.co.uk,Engineer III,China
Crééz,Greenhalf,Elwyn,20/03/1998,F,95.28,194.85,011 Shopko Road,+386 471 138 1882,egreenhalf18@toplist.cz,Marketing Manager,Slovenia
Örjan,Dallaway,Halsy,23/09/2003,F,78.65,111.96,45895 Dunning Lane,+62 146 922 0152,hdallaway19@europa.eu,Librarian,Indonesia
Judicaël,Semrad,Caleb,23/11/1933,F,69.65,207.16,294 Hauk Avenue,+358 531 529 8206,csemrad1a@miibeian.gov.cn,Quality Engineer,Finland
Danièle,Fayers,Ker,21/01/2001,F,91.61,104.09,77568 Oakridge Lane,+371 374 948 0193,kfayers1b@youku.com,Assistant Professor,Latvia
Mélina,O' Culligan,Jae,10/05/1978,F,72.24,200.7,1 Butternut Court,+7 491 889 1496,joculligan1c@ow.ly,Operator,Russia
Desirée,Keese,Emmet,14/01/1959,F,77.75,144.05,57980 Banding Way,+507 221 712 3019,ekeese1d@netvibes.com,Information Systems Manager,Panama
Björn,Spaxman,Nicholas,30/08/1922,M,60.94,119.0,47675 Stoughton Road,+46 670 647 3628,nspaxman1e@loc.gov,Payment Adjustment Coordinator,Sweden
Thérèse,Terbeck,Palm,04/01/1920,M,52.75,164.77,5590 Burning Wood Hill,+93 440 579 2300,pterbeck1f@buzzfeed.com,Civil Engineer,Afghanistan
Yénora,Di Domenico,Read,02/12/1963,M,59.21,119.15,3 Hansons Drive,+86 399 416 9828,rdidomenico1g@amazon.com,Chief Design Engineer,China
Cléa,Belle,Kristian,06/08/1975,F,80.0,110.1,27555 Green Alley,+62 681 259 4181,kbelle1h@indiatimes.com,Project Manager,Indonesia
Bénédicte,Burless,Jory,31/07/1953,M,85.73,155.58,273 Sullivan Point,+62 938 125 8849,jburless1i@bloomberg.com,Help Desk Technician,Indonesia
Styrbjörn,Ianne,Luciano,18/04/1977,M,107.34,109.34,5677 Golf View Point,+61 114 154 3805,lianne1j@cafepress.com,Cost Accountant,Australia
Garçon,Ahlf,Rollo,01/02/1942,M,73.83,216.15,983 6th Court,+55 231 116 2208,rahlf1k@flavors.me,Staff Scientist,Brazil
Miléna,Shear,Elliot,08/03/2009,M,82.14,109.5,287 Susan Terrace,+86 112 527 0729,eshear1l@phpbb.com,Database Administrator I,China
Gaëlle,Grimwad,Kelvin,04/09/1934,M,49.61,214.66,1156 Florence Alley,+86 468 178 5440,kgrimwad1m@gravatar.com,Office Assistant II,China
Edmée,O' Quirk,Lucais,30/10/2004,F,49.48,140.12,5 Manley Junction,+351 419 327 9222,loquirk1n@seesaa.net,Recruiting Manager,Portugal
Garçon,Allsop,Mario,11/04/1961,M,87.74,188.9,52159 Haas Road,+7 374 195 5809,mallsop1o@unc.edu,Account Executive,Russia
Léone,Denk,Reidar,31/10/1937,F,82.93,154.94,92 Crescent Oaks Place,+1 717 360 8332,rdenk1p@telegraph.co.uk,Geological Engineer,United States
Yáo,Duffil,Ellerey,09/01/1950,M,83.28,218.12,667 Sycamore Circle,+81 603 566 8015,eduffil1q@friendfeed.com,Electrical Engineer,Japan
Océanne,Prestland,Antony,11/11/1982,F,117.23,183.73,9 Florence Park,+33 327 412 7155,aprestland1r@vinaora.com,Systems Administrator III,France
Tán,Rolstone,Harlan,03/02/2009,M,74.97,143.62,76 Manitowish Pass,+508 390 661 1643,hrolstone1s@ezinearticles.com,Internal Auditor,Saint Pierre and Miquelon
Görel,Clutram,Art,09/06/2006,F,79.13,160.53,19 Coleman Hill,+62 735 543 5888,aclutram1t@vkontakte.ru,Quality Control Specialist,Indonesia
Irène,Schirak,Jehu,07/12/1960,M,46.21,159.72,551 American Ash Junction,+86 722 384 7985,jschirak1u@webmd.com,Recruiter,China
Solène,Khomich,Carl,26/11/1967,F,89.72,162.62,0 Ruskin Road,+244 887 477 0083,ckhomich1v@ovh.net,Software Engineer II,Angola
Maëlle,Frosch,Dino,18/02/1916,M,66.66,106.88,67 Dottie Lane,+212 444 555 7504,dfrosch1w@soup.io,Actuary,Morocco
Gaétane,MacInherney,Rolando,20/02/1961,F,60.39,107.56,1 Oxford Lane,+358 235 480 7360,rmacinherney1x@mit.edu,Executive Secretary,Finland
Hélène,Bettis,Maurie,18/03/1927,M,56.6,149.62,46 Lindbergh Court,+33 497 118 5476,mbettis1y@home.pl,Analog Circuit Design manager,France
Aí,Van Baaren,Kellen,29/11/2023,F,83.99,204.93,3 Johnson Lane,+86 686 525 0329,kvanbaaren1z@gnu.org,Software Test Engineer IV,China
Andréa,Whimper,Dukie,16/07/2019,M,89.53,147.77,04 Johnson Circle,+62 976 625 6003,dwhimper20@about.me,Recruiter,Indonesia
André,Zelland,Dirk,19/06/1965,F,110.73,177.98,9 Shasta Road,+62 665 329 3844,dzelland21@huffingtonpost.com,Budget/Accounting Analyst I,Indonesia
Lorène,MacDermot,Raddie,07/01/1919,M,100.45,201.61,60 Sachtjen Crossing,+7 938 919 5158,rmacdermot22@mit.edu,Payment Adjustment Coordinator,Russia
Miléna,Pidduck,Rocky,23/11/1927,M,94.14,205.39,38 Union Avenue,+249 463 840 9512,rpidduck23@ft.com,Accounting Assistant IV,Sudan
Thérèsa,Robeiro,Beck,26/12/1927,F,47.93,164.64,5 Roxbury Trail,+62 774 930 4298,brobeiro24@psu.edu,Assistant Professor,Indonesia
Daphnée,Merigon,Giuseppe,13/06/1998,M,57.12,213.84,281 Manitowish Plaza,+45 242 898 9236,gmerigon25@shop-pro.jp,Editor,Denmark
Andréa,Furminger,Ingram,21/12/1998,F,70.55,191.57,3 Mallory Parkway,+86 113 716 1932,ifurminger26@boston.com,Health Coach I,China
Léandre,Liccardi,Vinson,25/08/1924,F,96.14,192.14,7 Rowland Avenue,+62 501 312 0608,vliccardi27@mozilla.org,Account Coordinator,Indonesia
Bérengère,Rex,Benjamen,14/03/1918,M,70.84,107.15,108 Hauk Trail,+62 561 850 6816,brex28@pen.io,Occupational Therapist,Indonesia
Ophélie,Ridge,Fax,26/03/2008,M,68.03,195.31,50 8th Alley,+86 233 891 2321,fridge29@ovh.net,VP Marketing,China
Bérénice,Jenkyn,Rusty,30/01/2014,M,111.61,173.29,903 Northridge Plaza,+374 656 678 4327,rjenkyn2a@yellowpages.com,Technical Writer,Armenia
Michèle,McReidy,Robbie,02/04/2024,M,77.78,214.49,815 Golf View Junction,+7 179 158 1883,rmcreidy2b@sitemeter.com,Community Outreach Specialist,Russia
Andréanne,Pember,Hilly,28/06/2007,F,82.41,122.77,6 Pierstorff Trail,+86 183 152 1981,hpember2c@about.com,Analyst Programmer,China
Maïly,Messenger,Cal,02/06/2007,M,51.73,183.23,19352 New Castle Alley,+86 423 546 0761,cmessenger2d@indiegogo.com,Payment Adjustment Coordinator,China
Maëline,Flinn,Skylar,21/02/2022,F,69.89,203.98,25 Carioca Point,+351 799 930 9523,sflinn2e@zdnet.com,Structural Analysis Engineer,Portugal
Solène,McGaugan,Denis,15/07/1965,F,63.02,188.01,5850 Stuart Alley,+46 678 979 1568,dmcgaugan2f@goo.ne.jp,Quality Engineer,Sweden
Marie-josée,Barde,Cullie,23/02/2022,M,102.03,137.89,7891 American Center,+48 799 479 8002,cbarde2g@etsy.com,Information Systems Manager,Poland
Vénus,Triggs,Solomon,17/07/1990,M,52.92,213.21,175 Darwin Center,+52 644 946 9512,striggs2h@freewebs.com,Actuary,Mexico
Vénus,Bunting,Arnaldo,15/01/1966,F,109.67,183.71,5675 7th Avenue,+1 469 543 8842,abunting2i@meetup.com,Nurse,United States
Garçon,Cours,Rex,20/02/1915,F,77.47,134.64,3772 Lukken Point,+86 406 443 5092,rcours2j@gravatar.com,Web Developer I,China
Nuó,Buckell,Patten,19/04/1971,M,102.5,201.36,267 Dunning Road,+58 543 935 5110,pbuckell2k@sogou.com,Nurse Practicioner,Venezuela
Kévina,O'Bradane,Donovan,10/01/1951,F,76.4,190.37,09 Jay Road,+54 131 871 5458,dobradane2l@theatlantic.com,VP Product Management,Argentina
Clélia,Rawling,Reginald,17/07/2019,F,117.69,132.22,46 Prentice Parkway,+33 521 997 7841,rrawling2m@mozilla.org,Senior Sales Associate,France
Laurélie,Kemwall,Abel,01/08/2003,F,84.35,165.74,3 Larry Plaza,+86 985 641 7892,akemwall2n@csmonitor.com,Payment Adjustment Coordinator,China
Maïly,Eady,Sheppard,02/04/1965,M,53.9,188.11,7637 Granby Pass,+234 980 245 5248,seady2o@independent.co.uk,VP Marketing,Nigeria
Aimée,Peddersen,Cody,08/04/1990,F,58.54,125.54,19130 Reindahl Avenue,+86 122 769 3624,cpeddersen2p@house.gov,Registered Nurse,China
Crééz,Evenden,Alleyn,05/06/1980,M,110.97,116.88,84884 Prairieview Parkway,+63 913 315 9217,aevenden2q@twitter.com,Junior Executive,Philippines
Lauréna,Nelsen,Benjie,27/11/1976,M,69.35,218.12,60299 Fairview Hill,+355 902 910 3621,bnelsen2r@flickr.com,Civil Engineer,Albania
Mégane,Samwayes,Marlow,12/10/1931,M,107.78,106.66,45 Surrey Center,+30 689 808 2471,msamwayes2s@dell.com,Teacher,Greece
Nadège,Balsellie,Benson,29/12/1964,M,69.9,160.81,2013 Forster Parkway,+62 236 125 3981,bbalsellie2t@slashdot.org,Desktop Support Technician,Indonesia
Mélissandre,Timewell,Arnuad,14/12/1953,M,48.01,128.15,320 Spaight Avenue,+1 425 132 5559,atimewell2u@about.me,Sales Representative,Canada
Maï,Burkman,Rodolph,03/10/1970,M,109.15,148.68,0391 Hallows Point,+86 947 310 6665,rburkman2v@livejournal.com,Senior Quality Engineer,China
Bérénice,Halbeard,Roi,25/02/1936,F,59.62,201.58,82 Rieder Place,+58 376 949 5682,rhalbeard2w@princeton.edu,Engineer IV,Venezuela
Céline,Freeberne,Matty,03/11/1957,F,79.98,162.68,14 Stephen Circle,+44 970 790 8244,mfreeberne2x@symantec.com,Paralegal,United Kingdom
Léandre,Laxston,Haley,13/06/1926,F,106.07,212.48,68280 Lake View Trail,+48 262 267 9331,hlaxston2y@spotify.com,Mechanical Systems Engineer,Poland
Renée,Gormley,Jacques,26/10/1935,M,114.15,125.89,9 Eastwood Drive,+62 966 235 7659,jgormley2z@histats.com,Research Nurse,Indonesia
Kévina,Milkins,Wilmer,27/05/2001,M,116.53,151.98,43 Westend Center,+57 940 469 5317,wmilkins30@yelp.com,Engineer IV,Colombia
Gaïa,Bum,Kristoffer,23/06/1985,M,64.24,186.31,28 Kennedy Drive,+86 672 952 9443,kbum31@xing.com,Junior Executive,China
Intéressant,Mendez,Nathanael,21/10/1992,M,49.25,125.06,0056 Orin Alley,+7 587 784 0353,nmendez32@engadget.com,Business Systems Development Analyst,Russia
Réjane,Seegar,Flory,02/12/1953,F,51.77,200.7,7 Old Shore Alley,+62 294 917 6275,fseegar33@yahoo.com,Computer Systems Analyst II,Indonesia
Lóng,Melledy,Stu,12/06/1958,M,57.73,123.14,2 Esker Place,+420 503 386 5200,smelledy34@scientificamerican.com,Chemical Engineer,Czech Republic
Aloïs,Sperling,Jarvis,30/03/1933,F,117.86,181.59,5 Twin Pines Way,+359 287 170 0072,jsperling35@census.gov,Account Executive,Bulgaria
Clémentine,Witnall,Taddeo,04/01/1975,F,79.93,167.96,222 Pepper Wood Drive,+234 528 316 9732,twitnall36@blinklist.com,Junior Executive,Nigeria
Åke,Heugel,Law,04/03/1925,F,114.73,145.55,1 Little Fleur Junction,+48 622 884 2002,lheugel37@sina.com.cn,Human Resources Assistant II,Poland
Athéna,Tolossi,Ephraim,21/01/1974,M,49.29,157.46,231 Mayer Drive,+975 725 137 8425,etolossi38@yellowpages.com,Pharmacist,Bhutan
Tú,Prangley,Sax,28/10/1972,F,51.07,203.98,90 Tomscot Avenue,+86 106 500 2643,sprangley39@1und1.de,VP Quality Control,China
Aí,Guitt,Noach,21/09/2017,M,84.01,173.54,41 Elgar Alley,+86 453 124 9580,nguitt3a@businessweek.com,Staff Scientist,China
Illustrée,Lubeck,Standford,17/04/2008,M,69.16,115.83,153 Northland Street,+86 410 727 7618,slubeck3b@nhs.uk,Administrative Assistant IV,China
Esbjörn,Fyrth,Kain,13/06/1941,M,51.46,160.47,02485 Melody Park,+507 570 483 9277,kfyrth3c@purevolume.com,Editor,Panama
Tú,Mavin,Grove,08/09/1926,F,103.01,205.51,246 Fallview Point,+380 588 734 3461,gmavin3d@xinhuanet.com,Nuclear Power Engineer,Ukraine
Intéressant,Clutterham,Meier,30/10/1973,M,104.91,139.71,42875 Springs Place,+351 514 929 3900,mclutterham3e@psu.edu,Analyst Programmer,Portugal
Irène,Langton,Randall,24/12/1921,F,109.29,196.01,639 Norway Maple Terrace,+7 381 893 1467,rlangton3f@smugmug.com,Senior Financial Analyst,Russia
Faîtes,Posselt,Wadsworth,20/09/1938,M,68.61,172.26,8941 Sutteridge Alley,+86 719 649 7791,wposselt3g@google.fr,Physical Therapy Assistant,China
Pål,Marval,Elias,07/10/2023,F,66.78,216.71,77025 Columbus Way,+51 862 815 2964,emarval3h@hugedomains.com,Actuary,Peru
Börje,Rooper,Yves,25/03/2003,M,68.84,106.47,020 Thompson Point,+86 225 730 4087,yrooper3i@ycombinator.com,Research Nurse,China
Mélodie,Tame,Panchito,15/07/2011,F,107.05,179.45,97 Nobel Alley,+86 725 290 7865,ptame3j@eepurl.com,Data Coordinator,China
Marylène,Quinnelly,Aguie,27/12/2002,M,117.05,138.98,288 Grover Place,+380 810 925 7470,aquinnelly3k@utexas.edu,Food Chemist,Ukraine
Andrée,Bolden,Lamond,21/11/1943,F,63.4,123.14,3 Mosinee Street,+375 709 870 3632,lbolden3l@squarespace.com,Web Developer I,Belarus
Lài,Thurborn,Dudley,20/12/1986,M,48.23,183.74,70922 Tomscot Plaza,+86 962 424 5922,dthurborn3m@mozilla.com,Engineer II,China
Lyséa,Millett,Alexio,14/01/1917,F,81.18,158.7,90138 Manitowish Junction,+86 536 819 0722,amillett3n@arizona.edu,Civil Engineer,China
Esbjörn,Borges,Emanuel,16/01/2020,M,107.25,193.27,82269 Bultman Junction,+81 595 409 5139,eborges3o@infoseek.co.jp,Media Manager I,Japan
Cinéma,Howells,Tadeas,24/05/2011,F,107.09,127.99,3182 Kennedy Pass,+81 552 299 4876,thowells3p@discovery.com,Nurse,Japan
Béatrice,Mushet,Tibold,10/02/1954,M,55.35,103.22,91 Anhalt Place,+234 619 870 6047,tmushet3q@independent.co.uk,Human Resources Assistant III,Nigeria
Stévina,Sybbe,Carroll,22/04/1981,F,49.25,200.2,566 Dwight Circle,+98 416 655 3465,csybbe3r@usgs.gov,Programmer II,Iran
Océane,Perigeaux,Delmor,28/11/1919,F,53.82,138.5,78 Eastwood Point,+1 324 366 9192,dperigeaux3s@squarespace.com,VP Sales,Canada
Lóng,Botha,Ansell,08/08/1924,M,96.81,210.19,2271 Morningstar Hill,+86 258 449 0922,abotha3t@mlb.com,Marketing Manager,China
Måns,Hebbard,Sunny,14/12/1994,M,66.77,218.44,50025 Clyde Gallagher Parkway,+86 653 121 5846,shebbard3u@booking.com,General Manager,China
Valérie,Lemarie,Byran,23/05/2005,F,89.92,215.19,77873 Center Hill,+212 844 730 7984,blemarie3v@imdb.com,Assistant Professor,Morocco
Léandre,Iley,Lewie,25/09/1925,F,96.08,213.68,89 Sherman Place,+220 911 183 7990,liley3w@cam.ac.uk,Media Manager III,Gambia
Kù,Hanner,Jude,05/05/1929,M,75.5,129.03,4 Marquette Point,+86 901 844 9897,jhanner3x@privacy.gov.au,Community Outreach Specialist,China
Personnalisée,Berrey,Brewer,02/02/1930,M,117.19,115.62,303 Redwing Park,+7 584 297 1734,bberrey3y@chron.com,Nurse,Russia
Gaëlle,Winskill,Erastus,07/05/1944,M,98.16,183.32,82 Forest Trail,+81 342 402 4964,ewinskill3z@economist.com,Clinical Specialist,Japan
Zhì,Redwin,Adan,16/06/1926,M,60.15,142.6,185 Summer Ridge Road,+593 396 103 5875,aredwin40@xrea.com,Chemical Engineer,Ecuador
Estée,Di Lucia,Gallagher,31/12/1972,F,70.21,100.3,47 Darwin Lane,+353 789 755 5963,gdilucia41@artisteer.com,Financial Analyst,Ireland
Félicie,Nangle,Mill,06/08/1998,M,59.87,163.74,09433 Bashford Road,+7 494 151 1405,mnangle42@state.gov,Biostatistician III,Russia
Nuó,O' Borne,Alexis,07/03/1972,M,57.05,110.25,388 Meadow Vale Pass,+66 793 563 2542,aoborne43@dion.ne.jp,Community Outreach Specialist,Thailand
Thérèsa,Coggon,Pat,28/04/1953,F,103.93,113.76,3 Bellgrove Circle,+55 787 724 6635,pcoggon44@china.com.cn,Environmental Specialist,Brazil
Simplifiés,Cattach,Farrel,01/03/1941,M,118.84,106.41,974 Golf Junction,+55 338 817 1376,fcattach45@simplemachines.org,Operator,Brazil
Léana,Dalrymple,Maxie,03/06/1952,M,53.58,112.01,35 Fuller Lane,+353 412 201 2221,mdalrymple46@toplist.cz,Biostatistician II,Ireland
Maëlys,Colley,Henderson,01/12/1956,M,97.79,131.56,7710 Farragut Alley,+7 974 882 4028,hcolley47@people.com.cn,Research Nurse,Russia
Marylène,Duffer,Bradan,05/09/2017,F,50.79,171.48,00895 Algoma Crossing,+353 474 541 3810,bduffer48@parallels.com,Human Resources Assistant I,Ireland
Méline,Andrewartha,Rayner,15/12/1991,F,119.83,126.79,90012 Grover Junction,+48 288 581 4922,randrewartha49@shutterfly.com,Senior Editor,Poland
Joséphine,Roe,Sauncho,10/10/1954,F,59.85,216.22,64786 Hanover Center,+216 566 209 5230,sroe4a@dmoz.org,Systems Administrator I,Tunisia
Yóu,Ducket,Emery,16/06/1951,M,88.41,170.81,80765 Ridgeway Drive,+7 528 523 0589,educket4b@sciencedirect.com,Help Desk Operator,Russia
Gwenaëlle,Strute,Adrian,24/05/1944,F,54.02,215.25,27 Burrows Way,+420 536 557 5986,astrute4c@kickstarter.com,Assistant Media Planner,Czech Republic
Kallisté,Philipps,Mikel,22/09/1953,M,94.25,114.66,6460 Welch Park,+86 961 944 3845,mphilipps4d@1und1.de,Professor,China
Méthode,Enefer,Tirrell,23/09/1989,M,69.69,109.14,17481 Westerfield Trail,+57 638 419 6396,tenefer4e@angelfire.com,Software Test Engineer III,Colombia
Naëlle,Crichten,Glenden,21/10/1992,F,81.66,157.93,5 Graceland Pass,+63 108 340 5703,gcrichten4f@fda.gov,Product Engineer,Philippines
Cléa,Buxcy,Eldridge,22/08/1985,M,119.35,136.29,1 Haas Park,+352 696 708 3989,ebuxcy4g@indiegogo.com,Environmental Tech,Luxembourg
Solène,Sandaver,Dimitry,02/07/2009,F,66.34,215.76,77169 Mandrake Parkway,+7 848 409 7204,dsandaver4h@joomla.org,Staff Accountant I,Russia
André,McCorrie,Phip,04/03/2008,F,103.28,177.53,34 Duke Lane,+86 805 517 7208,pmccorrie4i@blinklist.com,Media Manager IV,China
Noëlla,Ickowicz,Kermy,15/12/1969,F,95.64,146.23,6750 Walton Alley,+55 983 348 7017,kickowicz4j@gravatar.com,Pharmacist,Brazil
Maëlann,Crook,Tymon,22/07/1963,M,58.04,193.59,767 Tony Point,+52 881 117 8669,tcrook4k@indiatimes.com,Junior Executive,Mexico
Anaïs,Tarpey,Dunn,22/01/2024,F,65.65,177.13,0 Lakewood Gardens Alley,+62 131 811 4445,dtarpey4l@storify.com,Software Test Engineer III,Indonesia
Marie-thérèse,Goodbourn,Marlin,20/01/1929,F,79.84,156.5,083 Oneill Avenue,+30 772 784 9684,mgoodbourn4m@pagesperso-orange.fr,Community Outreach Specialist,Greece
Séverine,Glave,Gris,07/03/1981,F,57.09,197.07,38 5th Trail,+84 456 160 3879,gglave4n@archive.org,Account Representative IV,Vietnam
Clélia,Domoni,Roldan,19/05/2011,F,101.37,171.48,65466 Ridgeway Terrace,+1 844 565 3270,rdomoni4o@quantcast.com,Assistant Media Planner,Canada
Eliès,Embery,Boniface,05/10/1922,F,52.61,181.92,6964 Laurel Court,+976 559 355 5754,bembery4p@youku.com,Accounting Assistant III,Mongolia
Personnalisée,Sill,Lyn,11/08/1920,M,73.39,196.07,47944 Northwestern Circle,+62 370 427 7560,lsill4q@slideshare.net,Product Engineer,Indonesia
Pål,Jonah,Barnaby,03/10/1945,M,83.81,178.27,98344 Carpenter Way,+86 626 460 7749,bjonah4r@state.tx.us,Librarian,China
Maëlle,Cathie,Gustaf,19/09/1938,M,54.8,178.87,5715 Kedzie Plaza,+62 365 237 7688,gcathie4s@hostgator.com,Civil Engineer,Indonesia
Nadège,O'Sirin,Goran,28/10/1929,F,59.68,152.43,5329 Nancy Alley,+81 597 110 5646,gosirin4t@squidoo.com,Food Chemist,Japan
Tán,Jesper,Bink,19/11/1917,M,73.21,174.93,14018 Homewood Alley,+351 451 100 8727,bjesper4u@huffingtonpost.com,Senior Editor,Portugal
Dù,O'Devey,Filmer,02/12/1925,F,88.48,165.51,9 Heffernan Center,+46 632 482 5181,fodevey4v@slashdot.org,Design Engineer,Sweden
Wá,Mirfield,Jedd,24/01/1928,F,118.39,149.18,9213 Algoma Lane,+1 513 998 3609,jmirfield4w@dmoz.org,Speech Pathologist,United States
Yú,Yalden,Oliviero,22/11/1934,M,83.07,155.66,127 Dryden Street,+387 878 384 8381,oyalden4x@google.com,Pharmacist,Bosnia and Herzegovina
Réservés,Lambricht,Kirk,01/05/1983,M,56.21,134.11,68 Hovde Court,+81 622 566 0948,klambricht4y@un.org,General Manager,Japan
Pål,Southern,Zebedee,25/05/1976,M,69.79,196.76,71627 Hudson Way,+351 459 625 6291,zsouthern4z@gnu.org,Quality Engineer,Portugal
Cléopatre,Adamov,Karel,25/03/2016,M,112.81,188.07,5272 Schurz Circle,+84 970 318 6975,kadamov50@utexas.edu,Teacher,Vietnam
Dorothée,Mazzei,Lancelot,29/12/1936,F,49.24,208.4,0241 David Plaza,+86 884 521 1124,lmazzei51@sfgate.com,Community Outreach Specialist,China
Maïté,Angood,Kenn,17/06/2006,F,100.79,200.46,99729 Toban Way,+502 675 593 0293,kangood52@foxnews.com,Cost Accountant,Guatemala
Maëlla,Bampkin,Kurtis,08/05/1994,M,45.23,203.72,5558 Huxley Plaza,+967 690 307 9303,kbampkin53@squarespace.com,Developer III,Yemen
Léane,Lamlin,Thorny,08/03/1953,M,65.1,138.72,2 Kings Pass,+62 516 562 1421,tlamlin54@linkedin.com,Dental Hygienist,Indonesia
Mélinda,Load,Staffard,24/05/2008,M,99.61,184.44,141 Sundown Court,+86 386 180 4337,sload55@surveymonkey.com,Senior Sales Associate,China
Lài,Alsopp,Garwood,27/07/1982,M,97.19,215.89,63 Katie Alley,+33 859 940 1016,galsopp56@mapquest.com,Administrative Officer,France
Liè,Adiscot,Moe,03/03/1941,F,88.0,120.49,8 Riverside Avenue,+20 411 813 2568,madiscot57@bloglovin.com,Speech Pathologist,Egypt
Hélène,Haggith,Hermon,06/10/1976,F,58.09,103.41,157 Nova Parkway,+62 724 765 9837,hhaggith58@msu.edu,Engineer III,Indonesia
Cécilia,Mowle,Ernestus,01/02/1998,F,95.42,145.34,8 Farragut Point,+81 338 495 8794,emowle59@home.pl,Senior Quality Engineer,Japan
Nadège,Ewestace,Bard,31/05/1958,F,48.47,210.13,960 Summit Terrace,+380 257 619 0082,bewestace5a@vistaprint.com,Payment Adjustment Coordinator,Ukraine
Maïlis,Jacobsson,Martyn,16/09/1969,F,86.42,184.01,7 Sage Place,+86 600 770 8432,mjacobsson5b@dagondesign.com,Editor,China
Dù,Batson,Manuel,27/05/1998,M,55.01,193.23,53865 Eggendart Alley,+56 366 405 6141,mbatson5c@imdb.com,Compensation Analyst,Chile
Séverine,Orgill,Lanny,02/08/2023,M,76.61,167.24,631 Fulton Way,+420 966 604 7107,lorgill5d@macromedia.com,Pharmacist,Czech Republic
Célia,Seifert,Bud,27/05/1999,F,104.8,167.96,2417 Golden Leaf Circle,+503 656 771 2520,bseifert5e@cisco.com,Food Chemist,El Salvador
Mélinda,Orrick,Job,14/09/1974,F,84.01,172.32,0188 Weeping Birch Place,+359 427 612 1579,jorrick5f@google.co.jp,Desktop Support Technician,Bulgaria
Håkan,Ussher,Otho,18/07/1999,F,115.98,102.86,46967 Sutherland Junction,+51 261 348 8638,oussher5g@cnet.com,Account Coordinator,Peru
Nadège,Issit,Dwight,28/06/2014,F,69.43,188.47,99 Susan Street,+66 178 249 2290,dissit5h@alexa.com,Senior Financial Analyst,Thailand
Eloïse,Griswaite,Arther,28/02/1917,F,77.74,196.2,81738 Bay Circle,+57 482 215 4546,agriswaite5i@wiley.com,Actuary,Colombia
Aí,Vogeller,Barnie,23/09/2021,F,106.48,183.52,93 Continental Place,+86 698 836 3538,bvogeller5j@fda.gov,Financial Analyst,China
Léandre,Gutridge,Ingamar,02/07/1960,F,106.52,121.34,625 Grover Road,+1 225 567 8048,igutridge5k@google.cn,Professor,United States
Cloé,Dryburgh,Armin,17/01/1997,M,89.18,108.86,745 Tomscot Drive,+62 566 759 3211,adryburgh5l@dyndns.org,Design Engineer,Indonesia
Michèle,Fleote,Basilius,03/11/1961,F,89.22,171.32,52 Texas Place,+93 530 378 8373,bfleote5m@noaa.gov,Senior Financial Analyst,Afghanistan
Néhémie,Batho,Bartholemy,10/11/1979,M,77.16,163.59,9 Daystar Trail,+33 466 548 5873,bbatho5n@skyrock.com,Financial Advisor,France
Léandre,Herity,Ave,28/05/1958,F,102.58,211.18,228 Manley Park,+33 104 519 0063,aherity5o@barnesandnoble.com,Structural Analysis Engineer,France
Clélia,Bolderson,Rick,28/11/1926,M,94.87,111.6,646 Jenifer Junction,+383 947 534 4832,rbolderson5p@chicagotribune.com,Community Outreach Specialist,Kosovo
Cinéma,Warby,Kearney,27/04/1922,F,72.04,198.54,83815 Dovetail Avenue,+244 163 395 8777,kwarby5q@businesswire.com,General Manager,Angola
Kù,Beel,Mortimer,15/05/1997,F,45.83,116.56,3 Farragut Court,+86 121 664 7480,mbeel5r@de.vu,Junior Executive,China
Gaëlle,Cave,Gael,23/08/1915,M,77.62,202.37,81717 Cottonwood Circle,+1 402 738 0656,gcave5s@state.tx.us,Civil Engineer,United States
Irène,Kinge,Hyman,20/06/1937,M,85.74,128.37,66 Dixon Drive,+86 803 904 8962,hkinge5t@csmonitor.com,Database Administrator IV,China
Maïlys,Meese,Davis,29/05/2007,F,63.74,159.48,5309 Mariners Cove Court,+48 109 953 5349,dmeese5u@slideshare.net,Recruiting Manager,Poland
Médiamass,Eitter,Rip,27/06/1996,M,97.23,153.32,2 Utah Road,+385 353 562 7502,reitter5v@usa.gov,Registered Nurse,Croatia
Noëlla,Mastrantone,Rollie,05/11/1931,F,102.35,109.68,98923 Service Drive,+380 409 873 8331,rmastrantone5w@google.co.jp,Design Engineer,Ukraine
Fèi,Dorbon,Waldon,28/04/1916,M,107.78,207.56,6 Northfield Terrace,+232 683 145 2262,wdorbon5x@163.com,Electrical Engineer,Sierra Leone
Bénédicte,Cormode,Petey,25/10/2015,F,115.25,116.17,655 Grover Way,+1 922 815 3329,pcormode5y@merriam-webster.com,Engineer IV,Canada
Maëlle,Jakobssen,Langston,27/11/1923,M,97.48,178.41,384 Forest Run Pass,+58 273 659 7108,ljakobssen5z@pbs.org,Web Designer III,Venezuela
Agnès,Kiendl,Gardiner,26/10/1990,M,110.2,186.7,53886 Vera Point,+420 386 538 5870,gkiendl60@narod.ru,Help Desk Technician,Czech Republic
Médiamass,Leser,Wally,16/01/1969,F,83.53,140.35,297 Florence Park,+86 300 695 5081,wleser61@squidoo.com,Sales Associate,China
Adélie,Peck,Rafferty,05/07/1930,F,95.75,108.2,7017 Esker Lane,+55 743 298 7056,rpeck62@addtoany.com,Programmer Analyst III,Brazil
Mélanie,Winckle,Garth,13/06/1923,M,71.91,140.49,04 Vernon Road,+95 117 426 3770,gwinckle63@yellowpages.com,Senior Sales Associate,Myanmar
Almérinda,Rodenhurst,Godwin,18/01/2003,M,75.14,143.13,01 Armistice Plaza,+7 860 800 1082,grodenhurst64@marketwatch.com,Automation Specialist II,Russia
Maëlla,Klimentov,Bartie,09/10/1979,F,110.37,173.09,704 Lindbergh Drive,+856 539 676 0671,bklimentov65@phoca.cz,Statistician I,Laos
Rachèle,Prater,Pieter,25/03/1996,M,47.18,182.13,2 Morning Alley,+218 241 176 9992,pprater66@biglobe.ne.jp,VP Quality Control,Libya
Cunégonde,Ealles,Gran,30/09/1956,M,93.5,150.9,8612 Division Street,+48 467 256 0343,gealles67@state.tx.us,General Manager,Poland
Zoé,Watman,Clare,13/05/1952,F,71.95,110.78,8 Weeping Birch Court,+1 510 109 3219,cwatman68@parallels.com,Associate Professor,United States
Lyséa,Downe,Kellby,10/01/1999,F,81.18,116.5,033 Melvin Lane,+351 708 521 0858,kdowne69@irs.gov,Human Resources Manager,Portugal
Loïs,Eagland,Vlad,12/12/1922,M,65.2,141.81,01504 Sauthoff Avenue,+86 768 791 4007,veagland6a@sbwire.com,VP Accounting,China
Nuó,O'Crowley,Ches,29/07/1943,M,57.6,108.04,9 Bartelt Hill,+86 431 859 0531,cocrowley6b@harvard.edu,Software Test Engineer II,China
Tú,Blinerman,Matthias,18/07/2019,F,111.41,205.13,92391 Redwing Drive,+973 170 674 3905,mblinerman6c@washington.edu,Account Executive,Bahrain
Styrbjörn,Bletso,Arv,05/03/1927,M,95.25,153.48,04884 Grim Court,+86 231 514 0704,abletso6d@boston.com,VP Quality Control,China
Michèle,Gagan,Lamond,06/06/2024,F,47.22,166.15,6 Randy Pass,+1 413 529 2724,lgagan6e@dailymotion.com,Automation Specialist I,Canada
Edmée,Storcke,Christoph,09/05/1993,M,52.19,170.82,19408 Bonner Avenue,+86 540 799 6106,cstorcke6f@pcworld.com,Graphic Designer,China
Åslög,Elstob,Martino,23/11/1928,F,81.97,105.69,0144 Mcguire Center,+63 586 525 1807,melstob6g@yellowbook.com,Geologist I,Philippines
Håkan,Cornbell,Stillman,05/08/1991,F,94.52,134.37,95979 Dexter Pass,+86 727 938 5916,scornbell6h@bandcamp.com,Budget/Accounting Analyst IV,China
Adélie,Harling,Alexio,31/07/1945,M,100.17,160.44,89 Continental Park,+976 116 441 4485,aharling6i@salon.com,Systems Administrator IV,Mongolia
Marie-noël,Fawloe,Michal,30/03/1964,M,80.59,203.34,1 Sachtjen Park,+381 304 222 2566,mfawloe6j@rambler.ru,Human Resources Manager,Serbia
Estée,Portsmouth,Nobe,06/03/1957,M,87.9,157.68,80920 Talisman Avenue,+86 999 941 6031,nportsmouth6k@newsvine.com,Web Developer III,China
Marlène,Losano,Merry,10/06/1943,F,83.1,151.63,29294 Farragut Lane,+47 873 537 6525,mlosano6l@weibo.com,Financial Analyst,Norway
André,Fellman,Sunny,26/06/1954,F,102.6,203.26,335 Green Trail,+51 425 828 0105,sfellman6m@cnbc.com,Financial Advisor,Peru
Eugénie,Rowbrey,Paten,17/09/1987,M,95.92,183.7,91620 Loomis Center,+353 444 803 3319,prowbrey6n@mtv.com,Software Test Engineer IV,Ireland
Mà,Ashpole,Hamilton,26/08/1990,M,61.86,206.52,5329 Fairfield Hill,+234 347 986 5208,hashpole6o@webeden.co.uk,Quality Control Specialist,Nigeria
Mahélie,Eric,Filbert,23/04/1965,F,89.91,104.3,31 Ridge Oak Plaza,+62 256 697 8525,feric6p@yellowpages.com,Editor,Indonesia
Médiamass,Kobpa,Kinnie,11/06/1973,M,79.76,167.58,34669 Dexter Parkway,+595 830 363 4188,kkobpa6q@bbb.org,Design Engineer,Paraguay
Eugénie,Dymond,Cly,06/08/2008,F,55.16,213.92,671 Melby Way,+86 521 195 4067,cdymond6r@quantcast.com,Help Desk Operator,China
Göran,Felder,Constantino,04/10/1924,M,54.6,165.66,3001 Morrow Parkway,+55 529 933 1967,cfelder6s@cnet.com,GIS Technical Architect,Brazil
Esbjörn,Plowright,Vernen,28/05/1958,F,102.4,152.56,575 Ryan Junction,+93 260 752 7042,vplowright6t@nsw.gov.au,Director of Sales,Afghanistan
Märta,Prium,Geoffry,22/04/2016,F,115.47,179.98,41579 Clove Trail,+967 778 104 8288,gprium6u@psu.edu,VP Marketing,Yemen
Torbjörn,Searight,Benyamin,17/09/1925,M,52.83,141.61,564 Eagan Alley,+51 111 899 1994,bsearight6v@hud.gov,Legal Assistant,Peru
Marie-hélène,Serrurier,Stearne,07/01/2017,M,80.22,138.96,9 Lukken Center,+63 888 118 0043,sserrurier6w@feedburner.com,Registered Nurse,Philippines
Zoé,Scurrer,Shayne,05/05/1995,M,115.77,153.78,89 Shelley Pass,+244 845 393 0835,sscurrer6x@fotki.com,Computer Systems Analyst IV,Angola
